cve_id_pk,cve_id
1,CVE-2004-0001
2,CVE-2004-0002
3,CVE-2004-0004
4,CVE-2004-0005
5,CVE-2004-0006
6,CVE-2004-0007
7,CVE-2004-0008
8,CVE-2004-0009
9,CVE-2004-0010
10,CVE-2004-0011
11,CVE-2004-0013
12,CVE-2004-0014
13,CVE-2004-0015
14,CVE-2004-0016
15,CVE-2004-0017
16,CVE-2004-0028
17,CVE-2004-0029
18,CVE-2004-0030
19,CVE-2004-0031
20,CVE-2004-0032
21,CVE-2004-0033
22,CVE-2004-0034
23,CVE-2004-0035
24,CVE-2004-0036
25,CVE-2004-0037
26,CVE-2004-0038
27,CVE-2004-0039
28,CVE-2004-0040
29,CVE-2004-0041
30,CVE-2004-0042
31,CVE-2004-0043
32,CVE-2004-0044
33,CVE-2004-0045
34,CVE-2004-0046
35,CVE-2004-0047
36,CVE-2004-0049
37,CVE-2004-0050
38,CVE-2004-0051
39,CVE-2004-0052
40,CVE-2004-0053
41,CVE-2004-0054
42,CVE-2004-0055
43,CVE-2004-0056
44,CVE-2004-0057
45,CVE-2004-0059
46,CVE-2004-0060
47,CVE-2004-0061
48,CVE-2004-0062
49,CVE-2004-0063
50,CVE-2004-0064
51,CVE-2004-0065
52,CVE-2004-0066
53,CVE-2004-0067
54,CVE-2004-0068
55,CVE-2004-0069
56,CVE-2004-0070
57,CVE-2004-0072
58,CVE-2004-0073
59,CVE-2004-0074
60,CVE-2004-0075
61,CVE-2004-0077
62,CVE-2004-0078
63,CVE-2004-0079
64,CVE-2004-0080
65,CVE-2004-0081
66,CVE-2004-0082
67,CVE-2004-0083
68,CVE-2004-0084
69,CVE-2004-0085
70,CVE-2004-0086
71,CVE-2004-0087
72,CVE-2004-0088
73,CVE-2004-0089
74,CVE-2004-0090
75,CVE-2004-0091
76,CVE-2004-0092
77,CVE-2004-0093
78,CVE-2004-0094
79,CVE-2004-0095
80,CVE-2004-0096
81,CVE-2004-0097
82,CVE-2004-0099
83,CVE-2004-0103
84,CVE-2004-0104
85,CVE-2004-0105
86,CVE-2004-0106
87,CVE-2004-0107
88,CVE-2004-0108
89,CVE-2004-0109
90,CVE-2004-0110
91,CVE-2004-0111
92,CVE-2004-0112
93,CVE-2004-0113
94,CVE-2004-0114
95,CVE-2004-0115
96,CVE-2004-0116
97,CVE-2004-0117
98,CVE-2004-0118
99,CVE-2004-0119
100,CVE-2004-0120
101,CVE-2004-0121
102,CVE-2004-0122
103,CVE-2004-0123
104,CVE-2004-0124
105,CVE-2004-0125
106,CVE-2004-0126
107,CVE-2004-0127
108,CVE-2004-0128
109,CVE-2004-0129
110,CVE-2004-0130
111,CVE-2004-0131
112,CVE-2004-0132
113,CVE-2004-0133
114,CVE-2004-0134
115,CVE-2004-0135
116,CVE-2004-0136
117,CVE-2004-0137
118,CVE-2004-0138
119,CVE-2004-0139
120,CVE-2004-0143
121,CVE-2004-0148
122,CVE-2004-0149
123,CVE-2004-0151
124,CVE-2004-0152
125,CVE-2004-0153
126,CVE-2004-0154
127,CVE-2004-0155
128,CVE-2004-0156
129,CVE-2004-0157
130,CVE-2004-0158
131,CVE-2004-0159
132,CVE-2004-0160
133,CVE-2004-0161
134,CVE-2004-0162
135,CVE-2004-0163
136,CVE-2004-0164
137,CVE-2004-0165
138,CVE-2004-0166
139,CVE-2004-0167
140,CVE-2004-0168
141,CVE-2004-0169
142,CVE-2004-0171
143,CVE-2004-0172
144,CVE-2004-0173
145,CVE-2004-0175
146,CVE-2004-0176
147,CVE-2004-0177
148,CVE-2004-0178
149,CVE-2004-0179
150,CVE-2004-0180
151,CVE-2004-0181
152,CVE-2004-0182
153,CVE-2004-0183
154,CVE-2004-0184
155,CVE-2004-0185
156,CVE-2004-0186
157,CVE-2004-0188
158,CVE-2004-0189
159,CVE-2004-0190
160,CVE-2004-0191
161,CVE-2004-0192
162,CVE-2004-0193
163,CVE-2004-0194
164,CVE-2004-0197
165,CVE-2004-0199
166,CVE-2004-0200
167,CVE-2004-0201
168,CVE-2004-0202
169,CVE-2004-0203
170,CVE-2004-0204
171,CVE-2004-0205
172,CVE-2004-0206
173,CVE-2004-0207
174,CVE-2004-0208
175,CVE-2004-0209
176,CVE-2004-0210
177,CVE-2004-0211
178,CVE-2004-0212
179,CVE-2004-0213
180,CVE-2004-0214
181,CVE-2004-0215
182,CVE-2004-0216
183,CVE-2004-0218
184,CVE-2004-0219
185,CVE-2004-0220
186,CVE-2004-0221
187,CVE-2004-0222
188,CVE-2004-0224
189,CVE-2004-0226
190,CVE-2004-0227
191,CVE-2004-0228
192,CVE-2004-0229
193,CVE-2004-0230
194,CVE-2004-0231
195,CVE-2004-0232
196,CVE-2004-0233
197,CVE-2004-0234
198,CVE-2004-0235
199,CVE-2004-0236
200,CVE-2004-0237
201,CVE-2004-0238
202,CVE-2004-0239
203,CVE-2004-0240
204,CVE-2004-0241
205,CVE-2004-0242
206,CVE-2004-0243
207,CVE-2004-0244
208,CVE-2004-0245
209,CVE-2004-0246
210,CVE-2004-0247
211,CVE-2004-0248
212,CVE-2004-0249
213,CVE-2004-0250
214,CVE-2004-0251
215,CVE-2004-0252
216,CVE-2004-0253
217,CVE-2004-0254
218,CVE-2004-0255
219,CVE-2004-0256
220,CVE-2004-0257
221,CVE-2004-0258
222,CVE-2004-0259
223,CVE-2004-0260
224,CVE-2004-0261
225,CVE-2004-0262
226,CVE-2004-0263
227,CVE-2004-0264
228,CVE-2004-0265
229,CVE-2004-0266
230,CVE-2004-0267
231,CVE-2004-0268
232,CVE-2004-0269
233,CVE-2004-0270
234,CVE-2004-0271
235,CVE-2004-0272
236,CVE-2004-0273
237,CVE-2004-0274
238,CVE-2004-0275
239,CVE-2004-0276
240,CVE-2004-0277
241,CVE-2004-0278
242,CVE-2004-0279
243,CVE-2004-0280
244,CVE-2004-0281
245,CVE-2004-0282
246,CVE-2004-0283
247,CVE-2004-0284
248,CVE-2004-0285
249,CVE-2004-0286
250,CVE-2004-0287
251,CVE-2004-0288
252,CVE-2004-0289
253,CVE-2004-0290
254,CVE-2004-0291
255,CVE-2004-0292
256,CVE-2004-0293
257,CVE-2004-0294
258,CVE-2004-0295
259,CVE-2004-0296
260,CVE-2004-0297
261,CVE-2004-0298
262,CVE-2004-0299
263,CVE-2004-0300
264,CVE-2004-0301
265,CVE-2004-0302
266,CVE-2004-0303
267,CVE-2004-0304
268,CVE-2004-0305
269,CVE-2004-0306
270,CVE-2004-0307
271,CVE-2004-0308
272,CVE-2004-0309
273,CVE-2004-0310
274,CVE-2004-0311
275,CVE-2004-0312
276,CVE-2004-0313
277,CVE-2004-0314
278,CVE-2004-0315
279,CVE-2004-0316
280,CVE-2004-0317
281,CVE-2004-0318
282,CVE-2004-0319
283,CVE-2004-0320
284,CVE-2004-0321
285,CVE-2004-0322
286,CVE-2004-0323
287,CVE-2004-0324
288,CVE-2004-0325
289,CVE-2004-0326
290,CVE-2004-0327
291,CVE-2004-0328
292,CVE-2004-0329
293,CVE-2004-0330
294,CVE-2004-0331
295,CVE-2004-0332
296,CVE-2004-0333
297,CVE-2004-0334
298,CVE-2004-0335
299,CVE-2004-0336
300,CVE-2004-0337
301,CVE-2004-0338
302,CVE-2004-0339
303,CVE-2004-0340
304,CVE-2004-0341
305,CVE-2004-0342
306,CVE-2004-0343
307,CVE-2004-0344
308,CVE-2004-0345
309,CVE-2004-0346
310,CVE-2004-0347
311,CVE-2004-0348
312,CVE-2004-0349
313,CVE-2004-0350
314,CVE-2004-0351
315,CVE-2004-0352
316,CVE-2004-0353
317,CVE-2004-0354
318,CVE-2004-0355
319,CVE-2004-0356
320,CVE-2004-0357
321,CVE-2004-0358
322,CVE-2004-0359
323,CVE-2004-0360
324,CVE-2004-0361
325,CVE-2004-0362
326,CVE-2004-0363
327,CVE-2004-0364
328,CVE-2004-0365
329,CVE-2004-0366
330,CVE-2004-0367
331,CVE-2004-0368
332,CVE-2004-0369
333,CVE-2004-0370
334,CVE-2004-0371
335,CVE-2004-0372
336,CVE-2004-0374
337,CVE-2004-0375
338,CVE-2004-0376
339,CVE-2004-0377
340,CVE-2004-0379
341,CVE-2004-0380
342,CVE-2004-0381
343,CVE-2004-0382
344,CVE-2004-0383
345,CVE-2004-0385
346,CVE-2004-0386
347,CVE-2004-0387
348,CVE-2004-0388
349,CVE-2004-0389
350,CVE-2004-0390
351,CVE-2004-0391
352,CVE-2004-0392
353,CVE-2004-0393
354,CVE-2004-0394
355,CVE-2004-0395
356,CVE-2004-0396
357,CVE-2004-0397
358,CVE-2004-0398
359,CVE-2004-0399
360,CVE-2004-0400
361,CVE-2004-0401
362,CVE-2004-0402
363,CVE-2004-0403
364,CVE-2004-0404
365,CVE-2004-0405
366,CVE-2004-0407
367,CVE-2004-0408
368,CVE-2004-0409
369,CVE-2004-0411
370,CVE-2004-0412
371,CVE-2004-0413
372,CVE-2004-0414
373,CVE-2004-0415
374,CVE-2004-0416
375,CVE-2004-0417
376,CVE-2004-0418
377,CVE-2004-0419
378,CVE-2004-0420
379,CVE-2004-0421
380,CVE-2004-0422
381,CVE-2004-0423
382,CVE-2004-0424
383,CVE-2004-0425
384,CVE-2004-0426
385,CVE-2004-0428
386,CVE-2004-0429
387,CVE-2004-0431
388,CVE-2004-0432
389,CVE-2004-0433
390,CVE-2004-0434
391,CVE-2004-0435
392,CVE-2004-0437
393,CVE-2004-0444
394,CVE-2004-0445
395,CVE-2004-0447
396,CVE-2004-0448
397,CVE-2004-0450
398,CVE-2004-0451
399,CVE-2004-0452
400,CVE-2004-0453
401,CVE-2004-0454
402,CVE-2004-0455
403,CVE-2004-0456
404,CVE-2004-0458
405,CVE-2004-0459
406,CVE-2004-0460
407,CVE-2004-0461
408,CVE-2004-0465
409,CVE-2004-0466
410,CVE-2004-0467
411,CVE-2004-0468
412,CVE-2004-0469
413,CVE-2004-0470
414,CVE-2004-0471
415,CVE-2004-0473
416,CVE-2004-0474
417,CVE-2004-0475
418,CVE-2004-0476
419,CVE-2004-0477
420,CVE-2004-0478
421,CVE-2004-0479
422,CVE-2004-0480
423,CVE-2004-0481
424,CVE-2004-0482
425,CVE-2004-0483
426,CVE-2004-0484
427,CVE-2004-0485
428,CVE-2004-0486
429,CVE-2004-0487
430,CVE-2004-0488
431,CVE-2004-0490
432,CVE-2004-0491
433,CVE-2004-0492
434,CVE-2004-0493
435,CVE-2004-0494
436,CVE-2004-0495
437,CVE-2004-0496
438,CVE-2004-0497
439,CVE-2004-0498
440,CVE-2004-0500
441,CVE-2004-0501
442,CVE-2004-0502
443,CVE-2004-0503
444,CVE-2004-0504
445,CVE-2004-0505
446,CVE-2004-0506
447,CVE-2004-0507
448,CVE-2004-0510
449,CVE-2004-0511
450,CVE-2004-0512
451,CVE-2004-0514
452,CVE-2004-0515
453,CVE-2004-0516
454,CVE-2004-0517
455,CVE-2004-0518
456,CVE-2004-0519
457,CVE-2004-0520
458,CVE-2004-0521
459,CVE-2004-0522
460,CVE-2004-0523
461,CVE-2004-0524
462,CVE-2004-0525
463,CVE-2004-0526
464,CVE-2004-0527
465,CVE-2004-0528
466,CVE-2004-0529
467,CVE-2004-0530
468,CVE-2004-0533
469,CVE-2004-0534
470,CVE-2004-0535
471,CVE-2004-0536
472,CVE-2004-0537
473,CVE-2004-0538
474,CVE-2004-0539
475,CVE-2004-0540
476,CVE-2004-0541
477,CVE-2004-0543
478,CVE-2004-0544
479,CVE-2004-0545
480,CVE-2004-0547
481,CVE-2004-0548
482,CVE-2004-0549
483,CVE-2004-0550
484,CVE-2004-0551
485,CVE-2004-0552
486,CVE-2004-0554
487,CVE-2004-0555
488,CVE-2004-0557
489,CVE-2004-0558
490,CVE-2004-0559
491,CVE-2004-0560
492,CVE-2004-0561
493,CVE-2004-0563
494,CVE-2004-0564
495,CVE-2004-0565
496,CVE-2004-0566
497,CVE-2004-0567
498,CVE-2004-0568
499,CVE-2004-0569
500,CVE-2004-0571
501,CVE-2004-0572
502,CVE-2004-0573
503,CVE-2004-0574
504,CVE-2004-0575
505,CVE-2004-0576
506,CVE-2004-0577
507,CVE-2004-0578
508,CVE-2004-0579
509,CVE-2004-0580
510,CVE-2004-0581
511,CVE-2004-0582
512,CVE-2004-0583
513,CVE-2004-0584
514,CVE-2004-0586
515,CVE-2004-0587
516,CVE-2004-0588
517,CVE-2004-0589
518,CVE-2004-0590
519,CVE-2004-0591
520,CVE-2004-0592
521,CVE-2004-0593
522,CVE-2004-0594
523,CVE-2004-0595
524,CVE-2004-0596
525,CVE-2004-0597
526,CVE-2004-0598
527,CVE-2004-0599
528,CVE-2004-0600
529,CVE-2004-0601
530,CVE-2004-0602
531,CVE-2004-0603
532,CVE-2004-0604
533,CVE-2004-0605
534,CVE-2004-0606
535,CVE-2004-0607
536,CVE-2004-0608
537,CVE-2004-0609
538,CVE-2004-0610
539,CVE-2004-0611
540,CVE-2004-0612
541,CVE-2004-0613
542,CVE-2004-0614
543,CVE-2004-0615
544,CVE-2004-0616
545,CVE-2004-0617
546,CVE-2004-0618
547,CVE-2004-0620
548,CVE-2004-0621
549,CVE-2004-0622
550,CVE-2004-0623
551,CVE-2004-0624
552,CVE-2004-0625
553,CVE-2004-0626
554,CVE-2004-0627
555,CVE-2004-0628
556,CVE-2004-0629
557,CVE-2004-0630
558,CVE-2004-0631
559,CVE-2004-0632
560,CVE-2004-0633
561,CVE-2004-0634
562,CVE-2004-0635
563,CVE-2004-0636
564,CVE-2004-0637
565,CVE-2004-0638
566,CVE-2004-0639
567,CVE-2004-0640
568,CVE-2004-0641
569,CVE-2004-0642
570,CVE-2004-0643
571,CVE-2004-0644
572,CVE-2004-0645
573,CVE-2004-0646
574,CVE-2004-0647
575,CVE-2004-0648
576,CVE-2004-0649
577,CVE-2004-0650
578,CVE-2004-0651
579,CVE-2004-0652
580,CVE-2004-0653
581,CVE-2004-0654
582,CVE-2004-0655
583,CVE-2004-0656
584,CVE-2004-0657
585,CVE-2004-0658
586,CVE-2004-0659
587,CVE-2004-0660
588,CVE-2004-0661
589,CVE-2004-0662
590,CVE-2004-0663
591,CVE-2004-0664
592,CVE-2004-0665
593,CVE-2004-0666
594,CVE-2004-0667
595,CVE-2004-0668
596,CVE-2004-0669
597,CVE-2004-0670
598,CVE-2004-0671
599,CVE-2004-0672
600,CVE-2004-0673
601,CVE-2004-0674
602,CVE-2004-0675
603,CVE-2004-0676
604,CVE-2004-0677
605,CVE-2004-0678
606,CVE-2004-0679
607,CVE-2004-0680
608,CVE-2004-0681
609,CVE-2004-0682
610,CVE-2004-0683
611,CVE-2004-0684
612,CVE-2004-0685
613,CVE-2004-0686
614,CVE-2004-0687
615,CVE-2004-0688
616,CVE-2004-0689
617,CVE-2004-0690
618,CVE-2004-0691
619,CVE-2004-0692
620,CVE-2004-0693
621,CVE-2004-0694
622,CVE-2004-0695
623,CVE-2004-0696
624,CVE-2004-0697
625,CVE-2004-0698
626,CVE-2004-0699
627,CVE-2004-0700
628,CVE-2004-0701
629,CVE-2004-0702
630,CVE-2004-0703
631,CVE-2004-0704
632,CVE-2004-0705
633,CVE-2004-0706
634,CVE-2004-0707
635,CVE-2004-0708
636,CVE-2004-0709
637,CVE-2004-0710
638,CVE-2004-0711
639,CVE-2004-0712
640,CVE-2004-0713
641,CVE-2004-0714
642,CVE-2004-0715
643,CVE-2004-0716
644,CVE-2004-0718
645,CVE-2004-0719
646,CVE-2004-0720
647,CVE-2004-0721
648,CVE-2004-0722
649,CVE-2004-0723
650,CVE-2004-0724
651,CVE-2004-0725
652,CVE-2004-0726
653,CVE-2004-0727
654,CVE-2004-0728
655,CVE-2004-0729
656,CVE-2004-0730
657,CVE-2004-0731
658,CVE-2004-0732
659,CVE-2004-0733
660,CVE-2004-0734
661,CVE-2004-0735
662,CVE-2004-0736
663,CVE-2004-0737
664,CVE-2004-0738
665,CVE-2004-0739
666,CVE-2004-0740
667,CVE-2004-0741
668,CVE-2004-0742
669,CVE-2004-0743
670,CVE-2004-0744
671,CVE-2004-0745
672,CVE-2004-0746
673,CVE-2004-0749
674,CVE-2004-0750
675,CVE-2004-0752
676,CVE-2004-0753
677,CVE-2004-0754
678,CVE-2004-0755
679,CVE-2004-0757
680,CVE-2004-0758
681,CVE-2004-0759
682,CVE-2004-0760
683,CVE-2004-0761
684,CVE-2004-0762
685,CVE-2004-0763
686,CVE-2004-0764
687,CVE-2004-0765
688,CVE-2004-0766
689,CVE-2004-0767
690,CVE-2004-0768
691,CVE-2004-0769
692,CVE-2004-0770
693,CVE-2004-0771
694,CVE-2004-0772
695,CVE-2004-0774
696,CVE-2004-0775
697,CVE-2004-0777
698,CVE-2004-0778
699,CVE-2004-0779
700,CVE-2004-0780
701,CVE-2004-0781
702,CVE-2004-0782
703,CVE-2004-0783
704,CVE-2004-0784
705,CVE-2004-0785
706,CVE-2004-0787
707,CVE-2004-0788
708,CVE-2004-0789
709,CVE-2004-0790
710,CVE-2004-0791
711,CVE-2004-0792
712,CVE-2004-0793
713,CVE-2004-0794
714,CVE-2004-0795
715,CVE-2004-0796
716,CVE-2004-0797
717,CVE-2004-0798
718,CVE-2004-0799
719,CVE-2004-0800
720,CVE-2004-0801
721,CVE-2004-0802
722,CVE-2004-0803
723,CVE-2004-0805
724,CVE-2004-0806
725,CVE-2004-0807
726,CVE-2004-0808
727,CVE-2004-0809
728,CVE-2004-0810
729,CVE-2004-0811
730,CVE-2004-0812
731,CVE-2004-0813
732,CVE-2004-0814
733,CVE-2004-0815
734,CVE-2004-0817
735,CVE-2004-0819
736,CVE-2004-0820
737,CVE-2004-0821
738,CVE-2004-0822
739,CVE-2004-0823
740,CVE-2004-0824
741,CVE-2004-0825
742,CVE-2004-0826
743,CVE-2004-0827
744,CVE-2004-0828
745,CVE-2004-0829
746,CVE-2004-0830
747,CVE-2004-0831
748,CVE-2004-0832
749,CVE-2004-0833
750,CVE-2004-0834
751,CVE-2004-0835
752,CVE-2004-0836
753,CVE-2004-0837
754,CVE-2004-0838
755,CVE-2004-0839
756,CVE-2004-0840
757,CVE-2004-0841
758,CVE-2004-0842
759,CVE-2004-0843
760,CVE-2004-0844
761,CVE-2004-0845
762,CVE-2004-0846
763,CVE-2004-0847
764,CVE-2004-0848
765,CVE-2004-0849
766,CVE-2004-0850
767,CVE-2004-0851
768,CVE-2004-0852
769,CVE-2004-0866
770,CVE-2004-0867
771,CVE-2004-0869
772,CVE-2004-0870
773,CVE-2004-0871
774,CVE-2004-0872
775,CVE-2004-0873
776,CVE-2004-0875
777,CVE-2004-0880
778,CVE-2004-0881
779,CVE-2004-0882
780,CVE-2004-0883
781,CVE-2004-0884
782,CVE-2004-0885
783,CVE-2004-0886
784,CVE-2004-0887
785,CVE-2004-0888
786,CVE-2004-0889
787,CVE-2004-0891
788,CVE-2004-0892
789,CVE-2004-0893
790,CVE-2004-0894
791,CVE-2004-0897
792,CVE-2004-0899
793,CVE-2004-0900
794,CVE-2004-0901
795,CVE-2004-0902
796,CVE-2004-0903
797,CVE-2004-0904
798,CVE-2004-0905
799,CVE-2004-0906
800,CVE-2004-0907
801,CVE-2004-0908
802,CVE-2004-0909
803,CVE-2004-0911
804,CVE-2004-0913
805,CVE-2004-0914
806,CVE-2004-0915
807,CVE-2004-0916
808,CVE-2004-0917
809,CVE-2004-0918
810,CVE-2004-0919
811,CVE-2004-0920
812,CVE-2004-0921
813,CVE-2004-0922
814,CVE-2004-0923
815,CVE-2004-0924
816,CVE-2004-0925
817,CVE-2004-0926
818,CVE-2004-0927
819,CVE-2004-0928
820,CVE-2004-0929
821,CVE-2004-0930
822,CVE-2004-0931
823,CVE-2004-0932
824,CVE-2004-0933
825,CVE-2004-0934
826,CVE-2004-0935
827,CVE-2004-0936
828,CVE-2004-0937
829,CVE-2004-0939
830,CVE-2004-0940
831,CVE-2004-0941
832,CVE-2004-0944
833,CVE-2004-0945
834,CVE-2004-0946
835,CVE-2004-0947
836,CVE-2004-0949
837,CVE-2004-0950
838,CVE-2004-0951
839,CVE-2004-0952
840,CVE-2004-0953
841,CVE-2004-0956
842,CVE-2004-0957
843,CVE-2004-0960
844,CVE-2004-0961
845,CVE-2004-0962
846,CVE-2004-0963
847,CVE-2004-0964
848,CVE-2004-0965
849,CVE-2004-0966
850,CVE-2004-0967
851,CVE-2004-0968
852,CVE-2004-0969
853,CVE-2004-0970
854,CVE-2004-0971
855,CVE-2004-0972
856,CVE-2004-0974
857,CVE-2004-0975
858,CVE-2004-0976
859,CVE-2004-0977
860,CVE-2004-0979
861,CVE-2004-0980
862,CVE-2004-0981
863,CVE-2004-0982
864,CVE-2004-0983
865,CVE-2004-0984
866,CVE-2004-0985
867,CVE-2004-0986
868,CVE-2004-0987
869,CVE-2004-0988
870,CVE-2004-0989
871,CVE-2004-0990
872,CVE-2004-0991
873,CVE-2004-0992
874,CVE-2004-0993
875,CVE-2004-0994
876,CVE-2004-0996
877,CVE-2004-0997
878,CVE-2004-0998
879,CVE-2004-0999
880,CVE-2004-1000
881,CVE-2004-1001
882,CVE-2004-1002
883,CVE-2004-1003
884,CVE-2004-1004
885,CVE-2004-1005
886,CVE-2004-1006
887,CVE-2004-1007
888,CVE-2004-1008
889,CVE-2004-1009
890,CVE-2004-1010
891,CVE-2004-1011
892,CVE-2004-1012
893,CVE-2004-1013
894,CVE-2004-1014
895,CVE-2004-1015
896,CVE-2004-1016
897,CVE-2004-1017
898,CVE-2004-1018
899,CVE-2004-1019
900,CVE-2004-1020
901,CVE-2004-1021
902,CVE-2004-1022
903,CVE-2004-1023
904,CVE-2004-1025
905,CVE-2004-1026
906,CVE-2004-1027
907,CVE-2004-1028
908,CVE-2004-1029
909,CVE-2004-1030
910,CVE-2004-1031
911,CVE-2004-1032
912,CVE-2004-1033
913,CVE-2004-1034
914,CVE-2004-1035
915,CVE-2004-1036
916,CVE-2004-1037
917,CVE-2004-1038
918,CVE-2004-1039
919,CVE-2004-1043
920,CVE-2004-1049
921,CVE-2004-1050
922,CVE-2004-1051
923,CVE-2004-1052
924,CVE-2004-1053
925,CVE-2004-1054
926,CVE-2004-1055
927,CVE-2004-1056
928,CVE-2004-1057
929,CVE-2004-1058
930,CVE-2004-1059
931,CVE-2004-1060
932,CVE-2004-1061
933,CVE-2004-1062
934,CVE-2004-1063
935,CVE-2004-1064
936,CVE-2004-1065
937,CVE-2004-1066
938,CVE-2004-1067
939,CVE-2004-1068
940,CVE-2004-1069
941,CVE-2004-1070
942,CVE-2004-1071
943,CVE-2004-1072
944,CVE-2004-1073
945,CVE-2004-1074
946,CVE-2004-1075
947,CVE-2004-1076
948,CVE-2004-1077
949,CVE-2004-1078
950,CVE-2004-1079
951,CVE-2004-1080
952,CVE-2004-1081
953,CVE-2004-1082
954,CVE-2004-1083
955,CVE-2004-1084
956,CVE-2004-1085
957,CVE-2004-1086
958,CVE-2004-1087
959,CVE-2004-1088
960,CVE-2004-1089
961,CVE-2004-1090
962,CVE-2004-1091
963,CVE-2004-1092
964,CVE-2004-1093
965,CVE-2004-1094
966,CVE-2004-1095
967,CVE-2004-1096
968,CVE-2004-1097
969,CVE-2004-1098
970,CVE-2004-1099
971,CVE-2004-1100
972,CVE-2004-1101
973,CVE-2004-1102
974,CVE-2004-1103
975,CVE-2004-1104
976,CVE-2004-1105
977,CVE-2004-1106
978,CVE-2004-1107
979,CVE-2004-1108
980,CVE-2004-1109
981,CVE-2004-1110
982,CVE-2004-1111
983,CVE-2004-1112
984,CVE-2004-1113
985,CVE-2004-1114
986,CVE-2004-1115
987,CVE-2004-1116
988,CVE-2004-1117
989,CVE-2004-1118
990,CVE-2004-1119
991,CVE-2004-1120
992,CVE-2004-1121
993,CVE-2004-1122
994,CVE-2004-1123
995,CVE-2004-1124
996,CVE-2004-1125
997,CVE-2004-1127
998,CVE-2004-1128
999,CVE-2004-1129
1000,CVE-2004-1130
